"rules","support","confidence","lift"
"{transportation.system.design,sustainable.energy.system.design} => {dynamic.and.control.system.design}",0.0113908872901679,0.95,12.3796875
"{transportation.system.design,dynamic.and.control.system.design} => {sustainable.energy.system.design}",0.0113908872901679,0.863636363636364,28.8109090909091
"{dynamic.and.control.system.design,sustainable.energy.system.design} => {transportation.system.design}",0.0113908872901679,0.575757575757576,27.438961038961
"{transportation.system.design,sustainable.energy.system.design} => {product.development}",0.00599520383693046,0.5,0.846700507614213
"{transportation.system.design,sustainable.energy.system.design} => {design.appropriate.modeling}",0.00719424460431655,0.6,1.01501014198783
"{design.appropriate.modeling,transportation.system.design} => {sustainable.energy.system.design}",0.00719424460431655,0.521739130434783,17.4052173913043
"{transportation.system.design,sustainable.energy.system.design} => {engineering.design.optimization}",0.00839328537170264,0.7,1.15034482758621
"{engineering.design.optimization,transportation.system.design} => {sustainable.energy.system.design}",0.00839328537170264,0.583333333333333,19.46
"{transportation.system.design,sustainable.energy.system.design} => {design.method}",0.00719424460431655,0.6,0.788031496062992
"{transportation.system.design,design.method} => {sustainable.energy.system.design}",0.00719424460431655,0.521739130434783,17.4052173913043
"{transportation.system.design,dynamic.and.control.system.design} => {design.appropriate.modeling}",0.00899280575539568,0.681818181818182,1.15342061589526
"{design.appropriate.modeling,transportation.system.design} => {dynamic.and.control.system.design}",0.00899280575539568,0.652173913043478,8.49864130434783
"{transportation.system.design,dynamic.and.control.system.design} => {engineering.design.optimization}",0.0101918465227818,0.772727272727273,1.26986117330945
"{engineering.design.optimization,transportation.system.design} => {dynamic.and.control.system.design}",0.0101918465227818,0.708333333333333,9.23046875
"{transportation.system.design,dynamic.and.control.system.design} => {design.method}",0.00839328537170264,0.636363636363636,0.83579098067287
"{transportation.system.design,design.method} => {dynamic.and.control.system.design}",0.00839328537170264,0.608695652173913,7.9320652173913
"{large.scale.engineering.system.design,transportation.system.design} => {product.development}",0.00839328537170264,0.823529411764706,1.39456554195282
"{transportation.system.design,product.development} => {large.scale.engineering.system.design}",0.00839328537170264,0.636363636363636,2.52727272727273
"{large.scale.engineering.system.design,transportation.system.design} => {design.appropriate.modeling}",0.00719424460431655,0.705882352941177,1.19412957880921
"{design.appropriate.modeling,transportation.system.design} => {large.scale.engineering.system.design}",0.00719424460431655,0.521739130434783,2.07204968944099
"{large.scale.engineering.system.design,transportation.system.design} => {engineering.design.optimization}",0.00719424460431655,0.705882352941177,1.16001159084323
"{engineering.design.optimization,transportation.system.design} => {large.scale.engineering.system.design}",0.00719424460431655,0.5,1.98571428571429
"{large.scale.engineering.system.design,transportation.system.design} => {design.method}",0.0065947242206235,0.647058823529412,0.84983788791107
"{transportation.system.design,product.development} => {design.appropriate.modeling}",0.00899280575539568,0.681818181818182,1.15342061589526
"{design.appropriate.modeling,transportation.system.design} => {product.development}",0.00899280575539568,0.652173913043478,1.10439196645332
"{transportation.system.design,product.development} => {engineering.design.optimization}",0.00839328537170264,0.636363636363636,1.04576802507837
"{engineering.design.optimization,transportation.system.design} => {product.development}",0.00839328537170264,0.583333333333333,0.987817258883249
"{transportation.system.design,product.development} => {design.method}",0.0107913669064748,0.818181818181818,1.07458840372226
"{transportation.system.design,design.method} => {product.development}",0.0107913669064748,0.782608695652174,1.32527035974399
"{design.appropriate.modeling,transportation.system.design} => {engineering.design.optimization}",0.012589928057554,0.91304347826087,1.50044977511244
"{engineering.design.optimization,transportation.system.design} => {design.appropriate.modeling}",0.012589928057554,0.875,1.48022312373225
"{design.appropriate.modeling,transportation.system.design} => {design.method}",0.0107913669064748,0.782608695652174,1.02786716877782
"{transportation.system.design,design.method} => {design.appropriate.modeling}",0.0107913669064748,0.782608695652174,1.32392627215804
"{engineering.design.optimization,transportation.system.design} => {design.method}",0.0107913669064748,0.75,0.98503937007874
"{transportation.system.design,design.method} => {engineering.design.optimization}",0.0107913669064748,0.782608695652174,1.28609980723924
"{large.scale.engineering.system.design,sustainable.energy.system.design} => {dynamic.and.control.system.design}",0.00779376498800959,0.5,6.515625
"{design.under.uncertainty,sustainable.energy.system.design} => {dynamic.and.control.system.design}",0.00599520383693046,0.625,8.14453125
"{dynamic.and.control.system.design,sustainable.energy.system.design} => {product.development}",0.0107913669064748,0.545454545454545,0.923673281033687
"{product.development,sustainable.energy.system.design} => {dynamic.and.control.system.design}",0.0107913669064748,0.666666666666667,8.6875
"{dynamic.and.control.system.design,sustainable.energy.system.design} => {design.appropriate.modeling}",0.0119904076738609,0.606060606060606,1.02526276968468
"{design.appropriate.modeling,sustainable.energy.system.design} => {dynamic.and.control.system.design}",0.0119904076738609,0.625,8.14453125
"{dynamic.and.control.system.design,sustainable.energy.system.design} => {engineering.design.optimization}",0.01378896882494,0.696969696969697,1.14536497984774
"{engineering.design.optimization,sustainable.energy.system.design} => {dynamic.and.control.system.design}",0.01378896882494,0.605263157894737,7.88733552631579
"{dynamic.and.control.system.design,sustainable.energy.system.design} => {design.method}",0.0119904076738609,0.606060606060606,0.795991410164639
"{design.method,sustainable.energy.system.design} => {dynamic.and.control.system.design}",0.0119904076738609,0.588235294117647,7.66544117647059
"{design.under.uncertainty,sustainable.energy.system.design} => {large.scale.engineering.system.design}",0.0065947242206235,0.6875,2.73035714285714
"{large.scale.engineering.system.design,sustainable.energy.system.design} => {product.development}",0.00839328537170264,0.538461538461538,0.91183131589223
"{product.development,sustainable.energy.system.design} => {large.scale.engineering.system.design}",0.00839328537170264,0.518518518518518,2.05925925925926
"{large.scale.engineering.system.design,sustainable.energy.system.design} => {design.appropriate.modeling}",0.0113908872901679,0.730769230769231,1.23623030113902
"{design.appropriate.modeling,sustainable.energy.system.design} => {large.scale.engineering.system.design}",0.0113908872901679,0.59375,2.35803571428571
"{large.scale.engineering.system.design,sustainable.energy.system.design} => {engineering.design.optimization}",0.01378896882494,0.884615384615385,1.45373247442213
"{engineering.design.optimization,sustainable.energy.system.design} => {large.scale.engineering.system.design}",0.01378896882494,0.605263157894737,2.40375939849624
"{large.scale.engineering.system.design,sustainable.energy.system.design} => {design.method}",0.0113908872901679,0.730769230769231,0.959781950333131
"{design.method,sustainable.energy.system.design} => {large.scale.engineering.system.design}",0.0113908872901679,0.558823529411765,2.21932773109244
"{design.under.uncertainty,sustainable.energy.system.design} => {product.development}",0.00599520383693046,0.625,1.05837563451777
"{design.under.uncertainty,sustainable.energy.system.design} => {design.appropriate.modeling}",0.00599520383693046,0.625,1.05730223123732
"{design.under.uncertainty,sustainable.energy.system.design} => {engineering.design.optimization}",0.00779376498800959,0.8125,1.33522167487685
"{design.under.uncertainty,sustainable.energy.system.design} => {design.method}",0.00719424460431655,0.75,0.98503937007874
"{product.development,sustainable.energy.system.design} => {design.appropriate.modeling}",0.0119904076738609,0.740740740740741,1.25309894072572
"{design.appropriate.modeling,sustainable.energy.system.design} => {product.development}",0.0119904076738609,0.625,1.05837563451777
"{product.development,sustainable.energy.system.design} => {engineering.design.optimization}",0.013189448441247,0.814814814814815,1.33902572523262
"{engineering.design.optimization,sustainable.energy.system.design} => {product.development}",0.013189448441247,0.578947368421053,0.980390061448036
"{product.development,sustainable.energy.system.design} => {design.method}",0.0161870503597122,1,1.31338582677165
"{design.method,sustainable.energy.system.design} => {product.development}",0.0161870503597122,0.794117647058823,1.34475962974022
"{design.appropriate.modeling,sustainable.energy.system.design} => {engineering.design.optimization}",0.0173860911270983,0.90625,1.48928571428571
"{engineering.design.optimization,sustainable.energy.system.design} => {design.appropriate.modeling}",0.0173860911270983,0.763157894736842,1.29102167182663
"{design.appropriate.modeling,sustainable.energy.system.design} => {design.method}",0.0155875299760192,0.8125,1.06712598425197
"{design.method,sustainable.energy.system.design} => {design.appropriate.modeling}",0.0155875299760192,0.764705882352941,1.29364037704331
"{engineering.design.optimization,sustainable.energy.system.design} => {design.method}",0.0173860911270983,0.763157894736842,1.00232076253626
"{design.method,sustainable.energy.system.design} => {engineering.design.optimization}",0.0173860911270983,0.852941176470588,1.40168067226891
"{dynamic.and.control.system.design,mechanical.design} => {product.development}",0.00839328537170264,0.5,0.846700507614213
"{dynamic.and.control.system.design,mechanical.design} => {design.appropriate.modeling}",0.0101918465227818,0.607142857142857,1.02709359605911
"{dynamic.and.control.system.design,mechanical.design} => {engineering.design.optimization}",0.01378896882494,0.821428571428571,1.34989444053483
"{dynamic.and.control.system.design,mechanical.design} => {design.method}",0.0119904076738609,0.714285714285714,0.938132733408324
"{large.scale.engineering.system.design,dynamic.and.control.system.design} => {design.under.uncertainty}",0.0149880095923261,0.657894736842105,2.0209363186973
"{design.under.uncertainty,dynamic.and.control.system.design} => {large.scale.engineering.system.design}",0.0149880095923261,0.581395348837209,2.30897009966777
"{large.scale.engineering.system.design,dynamic.and.control.system.design} => {product.development}",0.0143884892086331,0.631578947368421,1.06951643067059
"{large.scale.engineering.system.design,dynamic.and.control.system.design} => {design.appropriate.modeling}",0.0167865707434053,0.736842105263158,1.24650368314295
"{large.scale.engineering.system.design,dynamic.and.control.system.design} => {engineering.design.optimization}",0.0197841726618705,0.868421052631579,1.42711952294529
"{large.scale.engineering.system.design,dynamic.and.control.system.design} => {design.method}",0.0173860911270983,0.763157894736842,1.00232076253626
"{design.under.uncertainty,dynamic.and.control.system.design} => {product.development}",0.0143884892086331,0.558139534883721,0.945154055011215
"{design.under.uncertainty,dynamic.and.control.system.design} => {design.appropriate.modeling}",0.0203836930455636,0.790697674418605,1.33761026463512
"{design.under.uncertainty,dynamic.and.control.system.design} => {engineering.design.optimization}",0.0185851318944844,0.720930232558139,1.1847405201054
"{design.under.uncertainty,dynamic.and.control.system.design} => {design.method}",0.0185851318944844,0.720930232558139,0.946859549533053
"{dynamic.and.control.system.design,product.development} => {design.appropriate.modeling}",0.0305755395683453,0.784615384615385,1.32732095490716
"{design.appropriate.modeling,dynamic.and.control.system.design} => {product.development}",0.0305755395683453,0.621951219512195,1.05321282654451
"{dynamic.and.control.system.design,product.development} => {engineering.design.optimization}",0.0287769784172662,0.738461538461539,1.21355058734369
"{engineering.design.optimization,dynamic.and.control.system.design} => {product.development}",0.0287769784172662,0.551724137931034,0.934290215298442
"{dynamic.and.control.system.design,product.development} => {design.method}",0.0347721822541966,0.892307692307692,1.17194427619624
"{dynamic.and.control.system.design,design.method} => {product.development}",0.0347721822541966,0.682352941176471,1.15549716333234
"{design.appropriate.modeling,dynamic.and.control.system.design} => {engineering.design.optimization}",0.0401678657074341,0.817073170731707,1.3427369938724
"{engineering.design.optimization,dynamic.and.control.system.design} => {design.appropriate.modeling}",0.0401678657074341,0.770114942528736,1.30279079527174
"{design.appropriate.modeling,dynamic.and.control.system.design} => {design.method}",0.0401678657074341,0.817073170731707,1.0731323218744
"{dynamic.and.control.system.design,design.method} => {design.appropriate.modeling}",0.0401678657074341,0.788235294117647,1.33344469633695
"{engineering.design.optimization,dynamic.and.control.system.design} => {design.method}",0.0401678657074341,0.770114942528736,1.01145805050231
"{dynamic.and.control.system.design,design.method} => {engineering.design.optimization}",0.0401678657074341,0.788235294117647,1.29534627644161
"{large.scale.engineering.system.design,mechanical.design} => {design.under.uncertainty}",0.0239808153477218,0.8,2.45745856353591
"{design.under.uncertainty,mechanical.design} => {large.scale.engineering.system.design}",0.0239808153477218,0.540540540540541,2.14671814671815
"{large.scale.engineering.system.design,mechanical.design} => {product.development}",0.0167865707434053,0.56,0.948304568527919
"{large.scale.engineering.system.design,mechanical.design} => {design.appropriate.modeling}",0.0239808153477218,0.8,1.35334685598377
"{large.scale.engineering.system.design,mechanical.design} => {engineering.design.optimization}",0.026978417266187,0.9,1.47901477832512
"{large.scale.engineering.system.design,mechanical.design} => {design.method}",0.0245803357314149,0.82,1.07697637795276
"{design.under.uncertainty,mechanical.design} => {product.development}",0.026378896882494,0.594594594594595,1.00688709013582
"{design.under.uncertainty,mechanical.design} => {design.appropriate.modeling}",0.0323741007194245,0.72972972972973,1.23447179430952
"{design.under.uncertainty,mechanical.design} => {engineering.design.optimization}",0.0335731414868106,0.756756756756757,1.24361602982293
"{design.under.uncertainty,mechanical.design} => {design.method}",0.0377697841726619,0.851351351351351,1.11815279846776
"{product.development,mechanical.design} => {design.appropriate.modeling}",0.065947242206235,0.658682634730539,1.1142825910046
"{design.appropriate.modeling,mechanical.design} => {product.development}",0.065947242206235,0.628571428571429,1.06442349528644
"{product.development,mechanical.design} => {engineering.design.optimization}",0.0611510791366906,0.610778443113772,1.00372260405298
"{engineering.design.optimization,mechanical.design} => {product.development}",0.0611510791366906,0.545454545454545,0.923673281033687
"{product.development,mechanical.design} => {design.method}",0.0899280575539568,0.898203592814371,1.17968786835777
"{design.method,mechanical.design} => {product.development}",0.0899280575539568,0.691244239631336,1.17055369716251
"{design.appropriate.modeling,mechanical.design} => {engineering.design.optimization}",0.0851318944844125,0.811428571428571,1.33346094299789
"{engineering.design.optimization,mechanical.design} => {design.appropriate.modeling}",0.0851318944844125,0.759358288770054,1.28459394084021
"{design.appropriate.modeling,mechanical.design} => {design.method}",0.0875299760191846,0.834285714285714,1.09573903262092
"{design.method,mechanical.design} => {design.appropriate.modeling}",0.0875299760191846,0.672811059907834,1.13818341574672
"{engineering.design.optimization,mechanical.design} => {design.method}",0.091726618705036,0.818181818181818,1.07458840372226
"{design.method,mechanical.design} => {engineering.design.optimization}",0.091726618705036,0.705069124423963,1.15867517195977
"{design.under.uncertainty,large.scale.engineering.system.design} => {product.development}",0.114508393285372,0.626229508196721,1.06045768494633
"{large.scale.engineering.system.design,product.development} => {design.under.uncertainty}",0.114508393285372,0.71003717472119,2.18110866930929
"{design.under.uncertainty,product.development} => {large.scale.engineering.system.design}",0.114508393285372,0.60062893081761,2.38535489667565
"{design.under.uncertainty,large.scale.engineering.system.design} => {design.appropriate.modeling}",0.138489208633094,0.757377049180328,1.28124231037808
"{design.appropriate.modeling,large.scale.engineering.system.design} => {design.under.uncertainty}",0.138489208633094,0.708588957055215,2.1766600006779
"{design.under.uncertainty,design.appropriate.modeling} => {large.scale.engineering.system.design}",0.138489208633094,0.576059850374065,2.28778054862843
"{design.under.uncertainty,large.scale.engineering.system.design} => {engineering.design.optimization}",0.163669064748201,0.895081967213115,1.47093273035613
"{engineering.design.optimization,large.scale.engineering.system.design} => {design.under.uncertainty}",0.163669064748201,0.741847826086957,2.27882536632236
"{design.under.uncertainty,engineering.design.optimization} => {large.scale.engineering.system.design}",0.163669064748201,0.639344262295082,2.53911007025761
"{design.under.uncertainty,large.scale.engineering.system.design} => {design.method}",0.161870503597122,0.885245901639344,1.16266942042081
"{large.scale.engineering.system.design,design.method} => {design.under.uncertainty}",0.161870503597122,0.74585635359116,2.29113885412533
"{design.under.uncertainty,design.method} => {large.scale.engineering.system.design}",0.161870503597122,0.589519650655022,2.34123518402994
"{large.scale.engineering.system.design,product.development} => {design.appropriate.modeling}",0.127098321342926,0.788104089219331,1.33322273916617
"{design.appropriate.modeling,large.scale.engineering.system.design} => {product.development}",0.127098321342926,0.650306748466258,1.10123010806266
"{large.scale.engineering.system.design,product.development} => {engineering.design.optimization}",0.146282973621103,0.907063197026022,1.49062208141813
"{engineering.design.optimization,large.scale.engineering.system.design} => {product.development}",0.146282973621103,0.66304347826087,1.12279849922754
"{large.scale.engineering.system.design,product.development} => {design.method}",0.155875299760192,0.966542750929368,1.26944355003952
"{large.scale.engineering.system.design,design.method} => {product.development}",0.155875299760192,0.718232044198895,1.216254872816
"{design.appropriate.modeling,large.scale.engineering.system.design} => {engineering.design.optimization}",0.179256594724221,0.917177914110429,1.50724409924748
"{engineering.design.optimization,large.scale.engineering.system.design} => {design.appropriate.modeling}",0.179256594724221,0.8125,1.37449290060852
"{design.appropriate.modeling,large.scale.engineering.system.design} => {design.method}",0.17326139088729,0.886503067484663,1.16432056422395
"{large.scale.engineering.system.design,design.method} => {design.appropriate.modeling}",0.17326139088729,0.798342541436464,1.35054296056392
"{engineering.design.optimization,large.scale.engineering.system.design} => {design.method}",0.199040767386091,0.902173913043478,1.18490243067443
"{large.scale.engineering.system.design,design.method} => {engineering.design.optimization}",0.199040767386091,0.917127071823204,1.5071605475873
"{design.under.uncertainty,product.development} => {design.appropriate.modeling}",0.142086330935252,0.745283018867924,1.26078303800375
"{design.under.uncertainty,design.appropriate.modeling} => {product.development}",0.142086330935252,0.591022443890274,1.00083800650658
"{design.under.uncertainty,product.development} => {engineering.design.optimization}",0.154676258992806,0.811320754716981,1.33328376243145
"{design.under.uncertainty,engineering.design.optimization} => {product.development}",0.154676258992806,0.604215456674473,1.02317906774926
"{design.under.uncertainty,product.development} => {design.method}",0.187649880095923,0.984276729559748,1.29273510622493
"{design.under.uncertainty,design.method} => {product.development}",0.187649880095923,0.683406113537118,1.15728060647707
"{design.under.uncertainty,design.appropriate.modeling} => {engineering.design.optimization}",0.206235011990408,0.85785536159601,1.40975639718438
"{design.under.uncertainty,engineering.design.optimization} => {design.appropriate.modeling}",0.206235011990408,0.805620608899297,1.362855147712
"{design.under.uncertainty,design.appropriate.modeling} => {design.method}",0.209832134292566,0.872817955112219,1.14634673159621
"{design.under.uncertainty,design.method} => {design.appropriate.modeling}",0.209832134292566,0.764192139737991,1.2927712871024
"{design.under.uncertainty,engineering.design.optimization} => {design.method}",0.227817745803357,0.889929742388759,1.16882111047594
"{design.under.uncertainty,design.method} => {engineering.design.optimization}",0.227817745803357,0.829694323144105,1.36347796158066
"{design.appropriate.modeling,product.development} => {engineering.design.optimization}",0.308153477218225,0.804381846635368,1.32188070954462
"{engineering.design.optimization,product.development} => {design.appropriate.modeling}",0.308153477218225,0.818471337579618,1.38459451428276
"{design.appropriate.modeling,engineering.design.optimization} => {product.development}",0.308153477218225,0.657289002557545,1.11305386422943
"{design.appropriate.modeling,product.development} => {design.method}",0.372901678657074,0.97339593114241,1.27844441979964
"{design.method,product.development} => {design.appropriate.modeling}",0.372901678657074,0.663820704375667,1.12297457900468
"{design.appropriate.modeling,design.method} => {product.development}",0.372901678657074,0.735224586288416,1.2450300608417
"{engineering.design.optimization,product.development} => {design.method}",0.369304556354916,0.980891719745223,1.28828928231105
"{design.method,product.development} => {engineering.design.optimization}",0.369304556354916,0.657417289220918,1.08036654031575
"{engineering.design.optimization,design.method} => {product.development}",0.369304556354916,0.698412698412698,1.18269277254049
"{design.appropriate.modeling,engineering.design.optimization} => {design.method}",0.419064748201439,0.89386189258312,1.17398554080996
"{design.appropriate.modeling,design.method} => {engineering.design.optimization}",0.419064748201439,0.826241134751773,1.35780316528666
"{engineering.design.optimization,design.method} => {design.appropriate.modeling}",0.419064748201439,0.792517006802721,1.34068799933767
"{transportation.system.design,product.development,sustainable.energy.system.design} => {dynamic.and.control.system.design}",0.00539568345323741,0.9,11.728125
"{transportation.system.design,dynamic.and.control.system.design,product.development} => {sustainable.energy.system.design}",0.00539568345323741,1,33.36
"{dynamic.and.control.system.design,product.development,sustainable.energy.system.design} => {transportation.system.design}",0.00539568345323741,0.5,23.8285714285714
"{transportation.system.design,dynamic.and.control.system.design,sustainable.energy.system.design} => {design.appropriate.modeling}",0.00719424460431655,0.631578947368421,1.06843172840824
"{design.appropriate.modeling,transportation.system.design,sustainable.energy.system.design} => {dynamic.and.control.system.design}",0.00719424460431655,1,13.03125
"{design.appropriate.modeling,transportation.system.design,dynamic.and.control.system.design} => {sustainable.energy.system.design}",0.00719424460431655,0.8,26.688
"{design.appropriate.modeling,dynamic.and.control.system.design,sustainable.energy.system.design} => {transportation.system.design}",0.00719424460431655,0.6,28.5942857142857
"{transportation.system.design,dynamic.and.control.system.design,sustainable.energy.system.design} => {engineering.design.optimization}",0.00839328537170264,0.736842105263158,1.21088929219601
"{engineering.design.optimization,transportation.system.design,sustainable.energy.system.design} => {dynamic.and.control.system.design}",0.00839328537170264,1,13.03125
"{engineering.design.optimization,transportation.system.design,dynamic.and.control.system.design} => {sustainable.energy.system.design}",0.00839328537170264,0.823529411764706,27.4729411764706
"{engineering.design.optimization,dynamic.and.control.system.design,sustainable.energy.system.design} => {transportation.system.design}",0.00839328537170264,0.608695652173913,29.0086956521739
"{transportation.system.design,dynamic.and.control.system.design,sustainable.energy.system.design} => {design.method}",0.0065947242206235,0.578947368421053,0.760381268130957
"{transportation.system.design,design.method,sustainable.energy.system.design} => {dynamic.and.control.system.design}",0.0065947242206235,0.916666666666667,11.9453125
"{transportation.system.design,dynamic.and.control.system.design,design.method} => {sustainable.energy.system.design}",0.0065947242206235,0.785714285714286,26.2114285714286
"{dynamic.and.control.system.design,design.method,sustainable.energy.system.design} => {transportation.system.design}",0.0065947242206235,0.55,26.2114285714286
"{transportation.system.design,product.development,sustainable.energy.system.design} => {design.appropriate.modeling}",0.00419664268585132,0.7,1.1841784989858
"{design.appropriate.modeling,transportation.system.design,sustainable.energy.system.design} => {product.development}",0.00419664268585132,0.583333333333333,0.987817258883249
"{transportation.system.design,product.development,sustainable.energy.system.design} => {engineering.design.optimization}",0.00419664268585132,0.7,1.15034482758621
"{engineering.design.optimization,transportation.system.design,sustainable.energy.system.design} => {product.development}",0.00419664268585132,0.5,0.846700507614213
"{engineering.design.optimization,transportation.system.design,product.development} => {sustainable.energy.system.design}",0.00419664268585132,0.5,16.68
"{transportation.system.design,product.development,sustainable.energy.system.design} => {design.method}",0.00599520383693046,1,1.31338582677165
"{transportation.system.design,design.method,sustainable.energy.system.design} => {product.development}",0.00599520383693046,0.833333333333333,1.41116751269036
"{transportation.system.design,design.method,product.development} => {sustainable.energy.system.design}",0.00599520383693046,0.555555555555556,18.5333333333333
"{design.appropriate.modeling,transportation.system.design,sustainable.energy.system.design} => {engineering.design.optimization}",0.0065947242206235,0.916666666666667,1.5064039408867
"{engineering.design.optimization,transportation.system.design,sustainable.energy.system.design} => {design.appropriate.modeling}",0.0065947242206235,0.785714285714286,1.32917994784121
"{design.appropriate.modeling,engineering.design.optimization,transportation.system.design} => {sustainable.energy.system.design}",0.0065947242206235,0.523809523809524,17.4742857142857
"{design.appropriate.modeling,transportation.system.design,sustainable.energy.system.design} => {design.method}",0.00479616306954436,0.666666666666667,0.875590551181102
"{transportation.system.design,design.method,sustainable.energy.system.design} => {design.appropriate.modeling}",0.00479616306954436,0.666666666666667,1.12778904665314
"{engineering.design.optimization,transportation.system.design,sustainable.energy.system.design} => {design.method}",0.00539568345323741,0.642857142857143,0.844319460067492
"{transportation.system.design,design.method,sustainable.energy.system.design} => {engineering.design.optimization}",0.00539568345323741,0.75,1.23251231527094
"{engineering.design.optimization,transportation.system.design,design.method} => {sustainable.energy.system.design}",0.00539568345323741,0.5,16.68
"{transportation.system.design,dynamic.and.control.system.design,product.development} => {design.appropriate.modeling}",0.00419664268585132,0.777777777777778,1.315753887762
"{transportation.system.design,dynamic.and.control.system.design,product.development} => {engineering.design.optimization}",0.00419664268585132,0.777777777777778,1.27816091954023
"{engineering.design.optimization,transportation.system.design,product.development} => {dynamic.and.control.system.design}",0.00419664268585132,0.5,6.515625
"{transportation.system.design,dynamic.and.control.system.design,product.development} => {design.method}",0.00539568345323741,1,1.31338582677165
"{transportation.system.design,dynamic.and.control.system.design,design.method} => {product.development}",0.00539568345323741,0.642857142857143,1.08861493836113
"{transportation.system.design,design.method,product.development} => {dynamic.and.control.system.design}",0.00539568345323741,0.5,6.515625
"{design.appropriate.modeling,transportation.system.design,dynamic.and.control.system.design} => {engineering.design.optimization}",0.00839328537170264,0.933333333333333,1.53379310344828
"{engineering.design.optimization,transportation.system.design,dynamic.and.control.system.design} => {design.appropriate.modeling}",0.00839328537170264,0.823529411764706,1.39315117527741
"{design.appropriate.modeling,engineering.design.optimization,transportation.system.design} => {dynamic.and.control.system.design}",0.00839328537170264,0.666666666666667,8.6875
"{design.appropriate.modeling,transportation.system.design,dynamic.and.control.system.design} => {design.method}",0.0065947242206235,0.733333333333333,0.963149606299212
"{transportation.system.design,dynamic.and.control.system.design,design.method} => {design.appropriate.modeling}",0.0065947242206235,0.785714285714286,1.32917994784121
"{design.appropriate.modeling,transportation.system.design,design.method} => {dynamic.and.control.system.design}",0.0065947242206235,0.611111111111111,7.96354166666667
"{engineering.design.optimization,transportation.system.design,dynamic.and.control.system.design} => {design.method}",0.00719424460431655,0.705882352941177,0.927095877721167
"{transportation.system.design,dynamic.and.control.system.design,design.method} => {engineering.design.optimization}",0.00719424460431655,0.857142857142857,1.40858550316678
"{engineering.design.optimization,transportation.system.design,design.method} => {dynamic.and.control.system.design}",0.00719424460431655,0.666666666666667,8.6875
"{large.scale.engineering.system.design,transportation.system.design,product.development} => {design.appropriate.modeling}",0.00539568345323741,0.642857142857143,1.08751086641553
"{design.appropriate.modeling,large.scale.engineering.system.design,transportation.system.design} => {product.development}",0.00539568345323741,0.75,1.27005076142132
"{design.appropriate.modeling,transportation.system.design,product.development} => {large.scale.engineering.system.design}",0.00539568345323741,0.6,2.38285714285714
"{large.scale.engineering.system.design,transportation.system.design,product.development} => {engineering.design.optimization}",0.00539568345323741,0.642857142857143,1.05643912737509
"{engineering.design.optimization,large.scale.engineering.system.design,transportation.system.design} => {product.development}",0.00539568345323741,0.75,1.27005076142132
"{engineering.design.optimization,transportation.system.design,product.development} => {large.scale.engineering.system.design}",0.00539568345323741,0.642857142857143,2.5530612244898
"{large.scale.engineering.system.design,transportation.system.design,product.development} => {design.method}",0.00599520383693046,0.714285714285714,0.938132733408324
"{large.scale.engineering.system.design,transportation.system.design,design.method} => {product.development}",0.00599520383693046,0.909090909090909,1.53945546838948
"{transportation.system.design,design.method,product.development} => {large.scale.engineering.system.design}",0.00599520383693046,0.555555555555556,2.20634920634921
"{design.appropriate.modeling,large.scale.engineering.system.design,transportation.system.design} => {engineering.design.optimization}",0.0065947242206235,0.916666666666667,1.5064039408867
"{engineering.design.optimization,large.scale.engineering.system.design,transportation.system.design} => {design.appropriate.modeling}",0.0065947242206235,0.916666666666667,1.55070993914807
"{design.appropriate.modeling,engineering.design.optimization,transportation.system.design} => {large.scale.engineering.system.design}",0.0065947242206235,0.523809523809524,2.08027210884354
"{design.appropriate.modeling,large.scale.engineering.system.design,transportation.system.design} => {design.method}",0.00539568345323741,0.75,0.98503937007874
"{large.scale.engineering.system.design,transportation.system.design,design.method} => {design.appropriate.modeling}",0.00539568345323741,0.818181818181818,1.38410473907431
"{design.appropriate.modeling,transportation.system.design,design.method} => {large.scale.engineering.system.design}",0.00539568345323741,0.5,1.98571428571429
"{engineering.design.optimization,large.scale.engineering.system.design,transportation.system.design} => {design.method}",0.00539568345323741,0.75,0.98503937007874
"{large.scale.engineering.system.design,transportation.system.design,design.method} => {engineering.design.optimization}",0.00539568345323741,0.818181818181818,1.34455888938648
"{engineering.design.optimization,transportation.system.design,design.method} => {large.scale.engineering.system.design}",0.00539568345323741,0.5,1.98571428571429
"{design.appropriate.modeling,transportation.system.design,product.development} => {engineering.design.optimization}",0.00779376498800959,0.866666666666667,1.42423645320197
"{engineering.design.optimization,transportation.system.design,product.development} => {design.appropriate.modeling}",0.00779376498800959,0.928571428571429,1.57084902926688
"{design.appropriate.modeling,engineering.design.optimization,transportation.system.design} => {product.development}",0.00779376498800959,0.619047619047619,1.04829586656998
"{design.appropriate.modeling,transportation.system.design,product.development} => {design.method}",0.00839328537170264,0.933333333333333,1.22582677165354
"{transportation.system.design,design.method,product.development} => {design.appropriate.modeling}",0.00839328537170264,0.777777777777778,1.315753887762
"{design.appropriate.modeling,transportation.system.design,design.method} => {product.development}",0.00839328537170264,0.777777777777778,1.317089678511
"{engineering.design.optimization,transportation.system.design,product.development} => {design.method}",0.00779376498800959,0.928571428571429,1.21957255343082
"{transportation.system.design,design.method,product.development} => {engineering.design.optimization}",0.00779376498800959,0.722222222222222,1.18686371100164
"{engineering.design.optimization,transportation.system.design,design.method} => {product.development}",0.00779376498800959,0.722222222222222,1.22301184433164
"{design.appropriate.modeling,engineering.design.optimization,transportation.system.design} => {design.method}",0.00959232613908873,0.761904761904762,1.00067491563555
"{design.appropriate.modeling,transportation.system.design,design.method} => {engineering.design.optimization}",0.00959232613908873,0.888888888888889,1.46075533661741
"{engineering.design.optimization,transportation.system.design,design.method} => {design.appropriate.modeling}",0.00959232613908873,0.888888888888889,1.50371872887086
"{large.scale.engineering.system.design,dynamic.and.control.system.design,sustainable.energy.system.design} => {product.development}",0.00479616306954436,0.615384615384615,1.04209293244826
"{large.scale.engineering.system.design,product.development,sustainable.energy.system.design} => {dynamic.and.control.system.design}",0.00479616306954436,0.571428571428571,7.44642857142857
"{large.scale.engineering.system.design,dynamic.and.control.system.design,sustainable.energy.system.design} => {design.appropriate.modeling}",0.00539568345323741,0.692307692307692,1.1711655484475
"{large.scale.engineering.system.design,dynamic.and.control.system.design,sustainable.energy.system.design} => {engineering.design.optimization}",0.0065947242206235,0.846153846153846,1.39052671466465
"{large.scale.engineering.system.design,dynamic.and.control.system.design,sustainable.energy.system.design} => {design.method}",0.00539568345323741,0.692307692307692,0.909267110841914
"{design.under.uncertainty,dynamic.and.control.system.design,sustainable.energy.system.design} => {product.development}",0.00419664268585132,0.7,1.1853807106599
"{design.under.uncertainty,product.development,sustainable.energy.system.design} => {dynamic.and.control.system.design}",0.00419664268585132,0.7,9.121875
"{design.under.uncertainty,dynamic.and.control.system.design,sustainable.energy.system.design} => {engineering.design.optimization}",0.00419664268585132,0.7,1.15034482758621
"{design.under.uncertainty,engineering.design.optimization,sustainable.energy.system.design} => {dynamic.and.control.system.design}",0.00419664268585132,0.538461538461538,7.01682692307692
"{design.under.uncertainty,dynamic.and.control.system.design,sustainable.energy.system.design} => {design.method}",0.00419664268585132,0.7,0.919370078740157
"{design.under.uncertainty,design.method,sustainable.energy.system.design} => {dynamic.and.control.system.design}",0.00419664268585132,0.583333333333333,7.6015625
"{dynamic.and.control.system.design,product.development,sustainable.energy.system.design} => {design.appropriate.modeling}",0.00899280575539568,0.833333333333333,1.40973630831643
"{design.appropriate.modeling,dynamic.and.control.system.design,sustainable.energy.system.design} => {product.development}",0.00899280575539568,0.75,1.27005076142132
"{design.appropriate.modeling,product.development,sustainable.energy.system.design} => {dynamic.and.control.system.design}",0.00899280575539568,0.75,9.7734375
"{dynamic.and.control.system.design,product.development,sustainable.energy.system.design} => {engineering.design.optimization}",0.00839328537170264,0.777777777777778,1.27816091954023
"{engineering.design.optimization,dynamic.and.control.system.design,sustainable.energy.system.design} => {product.development}",0.00839328537170264,0.608695652173913,1.03076583535643
"{engineering.design.optimization,product.development,sustainable.energy.system.design} => {dynamic.and.control.system.design}",0.00839328537170264,0.636363636363636,8.29261363636364
"{dynamic.and.control.system.design,product.development,sustainable.energy.system.design} => {design.method}",0.0107913669064748,1,1.31338582677165
"{dynamic.and.control.system.design,design.method,sustainable.energy.system.design} => {product.development}",0.0107913669064748,0.9,1.52406091370558
"{design.method,product.development,sustainable.energy.system.design} => {dynamic.and.control.system.design}",0.0107913669064748,0.666666666666667,8.6875
"{design.appropriate.modeling,dynamic.and.control.system.design,sustainable.energy.system.design} => {engineering.design.optimization}",0.0107913669064748,0.9,1.47901477832512
"{engineering.design.optimization,dynamic.and.control.system.design,sustainable.energy.system.design} => {design.appropriate.modeling}",0.0107913669064748,0.782608695652174,1.32392627215804
"{design.appropriate.modeling,engineering.design.optimization,sustainable.energy.system.design} => {dynamic.and.control.system.design}",0.0107913669064748,0.620689655172414,8.08836206896552
"{design.appropriate.modeling,dynamic.and.control.system.design,sustainable.energy.system.design} => {design.method}",0.00959232613908873,0.8,1.05070866141732
"{dynamic.and.control.system.design,design.method,sustainable.energy.system.design} => {design.appropriate.modeling}",0.00959232613908873,0.8,1.35334685598377
"{design.appropriate.modeling,design.method,sustainable.energy.system.design} => {dynamic.and.control.system.design}",0.00959232613908873,0.615384615384615,8.01923076923077
"{engineering.design.optimization,dynamic.and.control.system.design,sustainable.energy.system.design} => {design.method}",0.00959232613908873,0.695652173913043,0.913659705580281
"{dynamic.and.control.system.design,design.method,sustainable.energy.system.design} => {engineering.design.optimization}",0.00959232613908873,0.8,1.31467980295567
"{engineering.design.optimization,design.method,sustainable.energy.system.design} => {dynamic.and.control.system.design}",0.00959232613908873,0.551724137931034,7.18965517241379
"{design.under.uncertainty,large.scale.engineering.system.design,sustainable.energy.system.design} => {design.appropriate.modeling}",0.00479616306954436,0.727272727272727,1.23031532362161
"{design.under.uncertainty,design.appropriate.modeling,sustainable.energy.system.design} => {large.scale.engineering.system.design}",0.00479616306954436,0.8,3.17714285714286
"{design.under.uncertainty,large.scale.engineering.system.design,sustainable.energy.system.design} => {engineering.design.optimization}",0.00599520383693046,0.909090909090909,1.49395432154053
"{design.under.uncertainty,engineering.design.optimization,sustainable.energy.system.design} => {large.scale.engineering.system.design}",0.00599520383693046,0.769230769230769,3.05494505494506
"{design.under.uncertainty,large.scale.engineering.system.design,sustainable.energy.system.design} => {design.method}",0.00479616306954436,0.727272727272727,0.955189692197566
"{design.under.uncertainty,design.method,sustainable.energy.system.design} => {large.scale.engineering.system.design}",0.00479616306954436,0.666666666666667,2.64761904761905
"{large.scale.engineering.system.design,product.development,sustainable.energy.system.design} => {design.appropriate.modeling}",0.00599520383693046,0.714285714285714,1.20834540712837
"{design.appropriate.modeling,large.scale.engineering.system.design,sustainable.energy.system.design} => {product.development}",0.00599520383693046,0.526315789473684,0.891263692225488
"{design.appropriate.modeling,product.development,sustainable.energy.system.design} => {large.scale.engineering.system.design}",0.00599520383693046,0.5,1.98571428571429
"{large.scale.engineering.system.design,product.development,sustainable.energy.system.design} => {engineering.design.optimization}",0.00779376498800959,0.928571428571429,1.52596762843068
"{engineering.design.optimization,large.scale.engineering.system.design,sustainable.energy.system.design} => {product.development}",0.00779376498800959,0.565217391304348,0.957139704259545
"{engineering.design.optimization,product.development,sustainable.energy.system.design} => {large.scale.engineering.system.design}",0.00779376498800959,0.590909090909091,2.34675324675325
"{large.scale.engineering.system.design,product.development,sustainable.energy.system.design} => {design.method}",0.00839328537170264,1,1.31338582677165
"{large.scale.engineering.system.design,design.method,sustainable.energy.system.design} => {product.development}",0.00839328537170264,0.736842105263158,1.24776916911568
"{design.method,product.development,sustainable.energy.system.design} => {large.scale.engineering.system.design}",0.00839328537170264,0.518518518518518,2.05925925925926
"{design.appropriate.modeling,large.scale.engineering.system.design,sustainable.energy.system.design} => {engineering.design.optimization}",0.0107913669064748,0.947368421052632,1.55685766139487
"{engineering.design.optimization,large.scale.engineering.system.design,sustainable.energy.system.design} => {design.appropriate.modeling}",0.0107913669064748,0.782608695652174,1.32392627215804
"{design.appropriate.modeling,engineering.design.optimization,sustainable.energy.system.design} => {large.scale.engineering.system.design}",0.0107913669064748,0.620689655172414,2.46502463054187
"{design.appropriate.modeling,large.scale.engineering.system.design,sustainable.energy.system.design} => {design.method}",0.00899280575539568,0.789473684210526,1.03688354745131
"{large.scale.engineering.system.design,design.method,sustainable.energy.system.design} => {design.appropriate.modeling}",0.00899280575539568,0.789473684210526,1.3355396605103
"{design.appropriate.modeling,design.method,sustainable.energy.system.design} => {large.scale.engineering.system.design}",0.00899280575539568,0.576923076923077,2.29120879120879
"{engineering.design.optimization,large.scale.engineering.system.design,sustainable.energy.system.design} => {design.method}",0.0107913669064748,0.782608695652174,1.02786716877782
"{large.scale.engineering.system.design,design.method,sustainable.energy.system.design} => {engineering.design.optimization}",0.0107913669064748,0.947368421052632,1.55685766139487
"{engineering.design.optimization,design.method,sustainable.energy.system.design} => {large.scale.engineering.system.design}",0.0107913669064748,0.620689655172414,2.46502463054187
"{design.under.uncertainty,product.development,sustainable.energy.system.design} => {engineering.design.optimization}",0.00479616306954436,0.8,1.31467980295567
"{design.under.uncertainty,engineering.design.optimization,sustainable.energy.system.design} => {product.development}",0.00479616306954436,0.615384615384615,1.04209293244826
"{design.under.uncertainty,product.development,sustainable.energy.system.design} => {design.method}",0.00599520383693046,1,1.31338582677165
"{design.under.uncertainty,design.method,sustainable.energy.system.design} => {product.development}",0.00599520383693046,0.833333333333333,1.41116751269036
"{design.under.uncertainty,design.appropriate.modeling,sustainable.energy.system.design} => {engineering.design.optimization}",0.00539568345323741,0.9,1.47901477832512
"{design.under.uncertainty,engineering.design.optimization,sustainable.energy.system.design} => {design.appropriate.modeling}",0.00539568345323741,0.692307692307692,1.1711655484475
"{design.under.uncertainty,design.appropriate.modeling,sustainable.energy.system.design} => {design.method}",0.00479616306954436,0.8,1.05070866141732
"{design.under.uncertainty,design.method,sustainable.energy.system.design} => {design.appropriate.modeling}",0.00479616306954436,0.666666666666667,1.12778904665314
"{design.under.uncertainty,engineering.design.optimization,sustainable.energy.system.design} => {design.method}",0.00599520383693046,0.769230769230769,1.01029678982435
"{design.under.uncertainty,design.method,sustainable.energy.system.design} => {engineering.design.optimization}",0.00599520383693046,0.833333333333333,1.36945812807882
"{design.appropriate.modeling,product.development,sustainable.energy.system.design} => {engineering.design.optimization}",0.0107913669064748,0.9,1.47901477832512
"{engineering.design.optimization,product.development,sustainable.energy.system.design} => {design.appropriate.modeling}",0.0107913669064748,0.818181818181818,1.38410473907431
"{design.appropriate.modeling,engineering.design.optimization,sustainable.energy.system.design} => {product.development}",0.0107913669064748,0.620689655172414,1.05107649221075
"{design.appropriate.modeling,product.development,sustainable.energy.system.design} => {design.method}",0.0119904076738609,1,1.31338582677165
"{design.method,product.development,sustainable.energy.system.design} => {design.appropriate.modeling}",0.0119904076738609,0.740740740740741,1.25309894072572
"{design.appropriate.modeling,design.method,sustainable.energy.system.design} => {product.development}",0.0119904076738609,0.769230769230769,1.30261616556033
"{engineering.design.optimization,product.development,sustainable.energy.system.design} => {design.method}",0.013189448441247,1,1.31338582677165
"{design.method,product.development,sustainable.energy.system.design} => {engineering.design.optimization}",0.013189448441247,0.814814814814815,1.33902572523262
"{engineering.design.optimization,design.method,sustainable.energy.system.design} => {product.development}",0.013189448441247,0.758620689655172,1.28464904603536
"{design.appropriate.modeling,engineering.design.optimization,sustainable.energy.system.design} => {design.method}",0.0143884892086331,0.827586206896552,1.08693999456964
"{design.appropriate.modeling,design.method,sustainable.energy.system.design} => {engineering.design.optimization}",0.0143884892086331,0.923076923076923,1.51693823417961
"{engineering.design.optimization,design.method,sustainable.energy.system.design} => {design.appropriate.modeling}",0.0143884892086331,0.827586206896552,1.40001398894873
"{dynamic.and.control.system.design,product.development,mechanical.design} => {design.appropriate.modeling}",0.00719424460431655,0.857142857142857,1.45001448855404
"{design.appropriate.modeling,dynamic.and.control.system.design,mechanical.design} => {product.development}",0.00719424460431655,0.705882352941177,1.19534189310242
"{dynamic.and.control.system.design,product.development,mechanical.design} => {engineering.design.optimization}",0.0065947242206235,0.785714285714286,1.29120337790289
"{dynamic.and.control.system.design,product.development,mechanical.design} => {design.method}",0.00779376498800959,0.928571428571429,1.21957255343082
"{dynamic.and.control.system.design,design.method,mechanical.design} => {product.development}",0.00779376498800959,0.65,1.10071065989848
"{design.appropriate.modeling,dynamic.and.control.system.design,mechanical.design} => {engineering.design.optimization}",0.00839328537170264,0.823529411764706,1.35334685598377
"{engineering.design.optimization,dynamic.and.control.system.design,mechanical.design} => {design.appropriate.modeling}",0.00839328537170264,0.608695652173913,1.0297204339007
"{design.appropriate.modeling,dynamic.and.control.system.design,mechanical.design} => {design.method}",0.00839328537170264,0.823529411764706,1.08161185734136
"{dynamic.and.control.system.design,design.method,mechanical.design} => {design.appropriate.modeling}",0.00839328537170264,0.7,1.1841784989858
"{engineering.design.optimization,dynamic.and.control.system.design,mechanical.design} => {design.method}",0.0101918465227818,0.739130434782609,0.970763437179048
"{dynamic.and.control.system.design,design.method,mechanical.design} => {engineering.design.optimization}",0.0101918465227818,0.85,1.39684729064039
"{design.under.uncertainty,large.scale.engineering.system.design,dynamic.and.control.system.design} => {product.development}",0.00959232613908873,0.64,1.08377664974619
"{large.scale.engineering.system.design,dynamic.and.control.system.design,product.development} => {design.under.uncertainty}",0.00959232613908873,0.666666666666667,2.04788213627993
"{design.under.uncertainty,dynamic.and.control.system.design,product.development} => {large.scale.engineering.system.design}",0.00959232613908873,0.666666666666667,2.64761904761905
"{design.under.uncertainty,large.scale.engineering.system.design,dynamic.and.control.system.design} => {design.appropriate.modeling}",0.0113908872901679,0.76,1.28567951318458
"{design.appropriate.modeling,large.scale.engineering.system.design,dynamic.and.control.system.design} => {design.under.uncertainty}",0.0113908872901679,0.678571428571429,2.08445146014207
"{design.under.uncertainty,design.appropriate.modeling,dynamic.and.control.system.design} => {large.scale.engineering.system.design}",0.0113908872901679,0.558823529411765,2.21932773109244
"{design.under.uncertainty,large.scale.engineering.system.design,dynamic.and.control.system.design} => {engineering.design.optimization}",0.012589928057554,0.84,1.38041379310345
"{engineering.design.optimization,large.scale.engineering.system.design,dynamic.and.control.system.design} => {design.under.uncertainty}",0.012589928057554,0.636363636363636,1.95479658463084
"{design.under.uncertainty,engineering.design.optimization,dynamic.and.control.system.design} => {large.scale.engineering.system.design}",0.012589928057554,0.67741935483871,2.69032258064516
"{design.under.uncertainty,large.scale.engineering.system.design,dynamic.and.control.system.design} => {design.method}",0.0113908872901679,0.76,0.998173228346457
"{large.scale.engineering.system.design,dynamic.and.control.system.design,design.method} => {design.under.uncertainty}",0.0113908872901679,0.655172413793103,2.01257382358544
"{design.under.uncertainty,dynamic.and.control.system.design,design.method} => {large.scale.engineering.system.design}",0.0113908872901679,0.612903225806452,2.43410138248848
"{large.scale.engineering.system.design,dynamic.and.control.system.design,product.development} => {design.appropriate.modeling}",0.0107913669064748,0.75,1.26876267748479
"{design.appropriate.modeling,large.scale.engineering.system.design,dynamic.and.control.system.design} => {product.development}",0.0107913669064748,0.642857142857143,1.08861493836113
"{large.scale.engineering.system.design,dynamic.and.control.system.design,product.development} => {engineering.design.optimization}",0.013189448441247,0.916666666666667,1.5064039408867
"{engineering.design.optimization,large.scale.engineering.system.design,dynamic.and.control.system.design} => {product.development}",0.013189448441247,0.666666666666667,1.12893401015228
"{large.scale.engineering.system.design,dynamic.and.control.system.design,product.development} => {design.method}",0.01378896882494,0.958333333333333,1.25866141732283
"{large.scale.engineering.system.design,dynamic.and.control.system.design,design.method} => {product.development}",0.01378896882494,0.793103448275862,1.34304218449151
"{design.appropriate.modeling,large.scale.engineering.system.design,dynamic.and.control.system.design} => {engineering.design.optimization}",0.0149880095923261,0.892857142857143,1.46727656579873
"{engineering.design.optimization,large.scale.engineering.system.design,dynamic.and.control.system.design} => {design.appropriate.modeling}",0.0149880095923261,0.757575757575758,1.28157846210585
"{design.appropriate.modeling,large.scale.engineering.system.design,dynamic.and.control.system.design} => {design.method}",0.013189448441247,0.785714285714286,1.03194600674916
"{large.scale.engineering.system.design,dynamic.and.control.system.design,design.method} => {design.appropriate.modeling}",0.013189448441247,0.758620689655172,1.28334615653634
"{engineering.design.optimization,large.scale.engineering.system.design,dynamic.and.control.system.design} => {design.method}",0.0149880095923261,0.757575757575758,0.994989262705798
"{large.scale.engineering.system.design,dynamic.and.control.system.design,design.method} => {engineering.design.optimization}",0.0149880095923261,0.862068965517241,1.4166808221505
"{design.under.uncertainty,dynamic.and.control.system.design,product.development} => {design.appropriate.modeling}",0.0113908872901679,0.791666666666667,1.33924949290061
"{design.under.uncertainty,design.appropriate.modeling,dynamic.and.control.system.design} => {product.development}",0.0113908872901679,0.558823529411765,0.946312332039415
"{design.under.uncertainty,dynamic.and.control.system.design,product.development} => {engineering.design.optimization}",0.0113908872901679,0.791666666666667,1.30098522167488
"{design.under.uncertainty,engineering.design.optimization,dynamic.and.control.system.design} => {product.development}",0.0113908872901679,0.612903225806452,1.03789094481742
"{design.under.uncertainty,dynamic.and.control.system.design,product.development} => {design.method}",0.013189448441247,0.916666666666667,1.20393700787402
"{design.under.uncertainty,dynamic.and.control.system.design,design.method} => {product.development}",0.013189448441247,0.709677419354839,1.20176846242017
"{design.under.uncertainty,design.appropriate.modeling,dynamic.and.control.system.design} => {engineering.design.optimization}",0.0149880095923261,0.735294117647059,1.20834540712837
"{design.under.uncertainty,engineering.design.optimization,dynamic.and.control.system.design} => {design.appropriate.modeling}",0.0149880095923261,0.806451612903226,1.36426094353203
"{design.under.uncertainty,design.appropriate.modeling,dynamic.and.control.system.design} => {design.method}",0.0155875299760192,0.764705882352941,1.00435386753126
"{design.under.uncertainty,dynamic.and.control.system.design,design.method} => {design.appropriate.modeling}",0.0155875299760192,0.838709677419355,1.41883138127331
"{design.under.uncertainty,engineering.design.optimization,dynamic.and.control.system.design} => {design.method}",0.0143884892086331,0.774193548387097,1.01681483362967
"{design.under.uncertainty,dynamic.and.control.system.design,design.method} => {engineering.design.optimization}",0.0143884892086331,0.774193548387097,1.27227077705387
"{design.appropriate.modeling,dynamic.and.control.system.design,product.development} => {engineering.design.optimization}",0.025779376498801,0.843137254901961,1.38556940017386
"{engineering.design.optimization,dynamic.and.control.system.design,product.development} => {design.appropriate.modeling}",0.025779376498801,0.895833333333333,1.51546653144016
"{design.appropriate.modeling,engineering.design.optimization,dynamic.and.control.system.design} => {product.development}",0.025779376498801,0.641791044776119,1.08680960678839
"{design.appropriate.modeling,dynamic.and.control.system.design,product.development} => {design.method}",0.0293764988009592,0.96078431372549,1.26188050023159
"{dynamic.and.control.system.design,design.method,product.development} => {design.appropriate.modeling}",0.0293764988009592,0.844827586206897,1.42918094705183
"{design.appropriate.modeling,dynamic.and.control.system.design,design.method} => {product.development}",0.0293764988009592,0.73134328358209,1.2384574588984
"{engineering.design.optimization,dynamic.and.control.system.design,product.development} => {design.method}",0.0281774580335731,0.979166666666667,1.28602362204724
"{dynamic.and.control.system.design,design.method,product.development} => {engineering.design.optimization}",0.0281774580335731,0.810344827586207,1.33167997282147
"{engineering.design.optimization,dynamic.and.control.system.design,design.method} => {product.development}",0.0281774580335731,0.701492537313433,1.18790817486173
"{design.appropriate.modeling,engineering.design.optimization,dynamic.and.control.system.design} => {design.method}",0.0335731414868106,0.835820895522388,1.0977553178987
"{design.appropriate.modeling,dynamic.and.control.system.design,design.method} => {engineering.design.optimization}",0.0335731414868106,0.835820895522388,1.3735460627895
"{engineering.design.optimization,dynamic.and.control.system.design,design.method} => {design.appropriate.modeling}",0.0335731414868106,0.835820895522388,1.41394447640096
"{design.under.uncertainty,large.scale.engineering.system.design,mechanical.design} => {product.development}",0.013189448441247,0.55,0.931370558375635
"{large.scale.engineering.system.design,product.development,mechanical.design} => {design.under.uncertainty}",0.013189448441247,0.785714285714286,2.41357537490134
"{design.under.uncertainty,product.development,mechanical.design} => {large.scale.engineering.system.design}",0.013189448441247,0.5,1.98571428571429
"{design.under.uncertainty,large.scale.engineering.system.design,mechanical.design} => {design.appropriate.modeling}",0.0179856115107914,0.75,1.26876267748479
"{design.appropriate.modeling,large.scale.engineering.system.design,mechanical.design} => {design.under.uncertainty}",0.0179856115107914,0.75,2.30386740331492
"{design.under.uncertainty,design.appropriate.modeling,mechanical.design} => {large.scale.engineering.system.design}",0.0179856115107914,0.555555555555556,2.20634920634921
"{design.under.uncertainty,large.scale.engineering.system.design,mechanical.design} => {engineering.design.optimization}",0.0227817745803357,0.95,1.56118226600985
"{engineering.design.optimization,large.scale.engineering.system.design,mechanical.design} => {design.under.uncertainty}",0.0227817745803357,0.844444444444444,2.59398403928791
"{design.under.uncertainty,engineering.design.optimization,mechanical.design} => {large.scale.engineering.system.design}",0.0227817745803357,0.678571428571429,2.69489795918367
"{design.under.uncertainty,large.scale.engineering.system.design,mechanical.design} => {design.method}",0.0215827338129496,0.9,1.18204724409449
"{large.scale.engineering.system.design,design.method,mechanical.design} => {design.under.uncertainty}",0.0215827338129496,0.878048780487805,2.69721061851502
"{design.under.uncertainty,design.method,mechanical.design} => {large.scale.engineering.system.design}",0.0215827338129496,0.571428571428571,2.26938775510204
"{large.scale.engineering.system.design,product.development,mechanical.design} => {design.appropriate.modeling}",0.013189448441247,0.785714285714286,1.32917994784121
"{design.appropriate.modeling,large.scale.engineering.system.design,mechanical.design} => {product.development}",0.013189448441247,0.55,0.931370558375635
"{large.scale.engineering.system.design,product.development,mechanical.design} => {engineering.design.optimization}",0.0149880095923261,0.892857142857143,1.46727656579873
"{engineering.design.optimization,large.scale.engineering.system.design,mechanical.design} => {product.development}",0.0149880095923261,0.555555555555556,0.94077834179357
"{large.scale.engineering.system.design,product.development,mechanical.design} => {design.method}",0.0155875299760192,0.928571428571429,1.21957255343082
"{large.scale.engineering.system.design,design.method,mechanical.design} => {product.development}",0.0155875299760192,0.634146341463415,1.07386405843754
"{design.appropriate.modeling,large.scale.engineering.system.design,mechanical.design} => {engineering.design.optimization}",0.0221822541966427,0.925,1.52009852216749
"{engineering.design.optimization,large.scale.engineering.system.design,mechanical.design} => {design.appropriate.modeling}",0.0221822541966427,0.822222222222222,1.39093982420554
"{design.appropriate.modeling,large.scale.engineering.system.design,mechanical.design} => {design.method}",0.0191846522781775,0.8,1.05070866141732
"{large.scale.engineering.system.design,design.method,mechanical.design} => {design.appropriate.modeling}",0.0191846522781775,0.780487804878049,1.32033839608173
"{engineering.design.optimization,large.scale.engineering.system.design,mechanical.design} => {design.method}",0.0227817745803357,0.844444444444444,1.1090813648294
"{large.scale.engineering.system.design,design.method,mechanical.design} => {engineering.design.optimization}",0.0227817745803357,0.926829268292683,1.52310464976571
"{design.under.uncertainty,product.development,mechanical.design} => {design.appropriate.modeling}",0.0173860911270983,0.659090909090909,1.11497326203209
"{design.under.uncertainty,design.appropriate.modeling,mechanical.design} => {product.development}",0.0173860911270983,0.537037037037037,0.909419063733785
"{design.under.uncertainty,product.development,mechanical.design} => {engineering.design.optimization}",0.0185851318944844,0.704545454545455,1.15781459919391
"{design.under.uncertainty,engineering.design.optimization,mechanical.design} => {product.development}",0.0185851318944844,0.553571428571429,0.937418419144307
"{design.under.uncertainty,product.development,mechanical.design} => {design.method}",0.025779376498801,0.977272727272727,1.28353614889048
"{design.under.uncertainty,design.method,mechanical.design} => {product.development}",0.025779376498801,0.682539682539683,1.15581339134639
"{design.under.uncertainty,design.appropriate.modeling,mechanical.design} => {engineering.design.optimization}",0.0275779376498801,0.851851851851852,1.39989053092501
"{design.under.uncertainty,engineering.design.optimization,mechanical.design} => {design.appropriate.modeling}",0.0275779376498801,0.821428571428571,1.38959721819762
"{design.under.uncertainty,design.appropriate.modeling,mechanical.design} => {design.method}",0.026978417266187,0.833333333333333,1.09448818897638
"{design.under.uncertainty,design.method,mechanical.design} => {design.appropriate.modeling}",0.026978417266187,0.714285714285714,1.20834540712837
"{design.under.uncertainty,engineering.design.optimization,mechanical.design} => {design.method}",0.0287769784172662,0.857142857142857,1.12575928008999
"{design.under.uncertainty,design.method,mechanical.design} => {engineering.design.optimization}",0.0287769784172662,0.761904761904762,1.25207600281492
"{design.appropriate.modeling,product.development,mechanical.design} => {engineering.design.optimization}",0.0515587529976019,0.781818181818182,1.28480071652485
"{engineering.design.optimization,product.development,mechanical.design} => {design.appropriate.modeling}",0.0515587529976019,0.843137254901961,1.42632144135545
"{design.appropriate.modeling,engineering.design.optimization,mechanical.design} => {product.development}",0.0515587529976019,0.605633802816901,1.02558089654679
"{design.appropriate.modeling,product.development,mechanical.design} => {design.method}",0.0593525179856115,0.9,1.18204724409449
"{design.method,product.development,mechanical.design} => {design.appropriate.modeling}",0.0593525179856115,0.66,1.11651115618661
"{design.appropriate.modeling,design.method,mechanical.design} => {product.development}",0.0593525179856115,0.678082191780822,1.14826507196996
"{engineering.design.optimization,product.development,mechanical.design} => {design.method}",0.0569544364508393,0.931372549019608,1.22325150532654
"{design.method,product.development,mechanical.design} => {engineering.design.optimization}",0.0569544364508393,0.633333333333333,1.0407881773399
"{engineering.design.optimization,design.method,mechanical.design} => {product.development}",0.0569544364508393,0.620915032679739,1.05145814671046
"{design.appropriate.modeling,engineering.design.optimization,mechanical.design} => {design.method}",0.0731414868105516,0.859154929577465,1.12840190750804
"{design.appropriate.modeling,design.method,mechanical.design} => {engineering.design.optimization}",0.0731414868105516,0.835616438356164,1.37321006815575
"{engineering.design.optimization,design.method,mechanical.design} => {design.appropriate.modeling}",0.0731414868105516,0.797385620915033,1.34892415384004
"{design.under.uncertainty,large.scale.engineering.system.design,product.development} => {design.appropriate.modeling}",0.0887290167865707,0.774869109947644,1.31083334218324
"{design.under.uncertainty,design.appropriate.modeling,large.scale.engineering.system.design} => {product.development}",0.0887290167865707,0.640692640692641,1.0849495681983
"{design.appropriate.modeling,large.scale.engineering.system.design,product.development} => {design.under.uncertainty}",0.0887290167865707,0.69811320754717,2.14448035025539
"{design.under.uncertainty,design.appropriate.modeling,product.development} => {large.scale.engineering.system.design}",0.0887290167865707,0.624472573839662,2.48004822182037
"{design.under.uncertainty,large.scale.engineering.system.design,product.development} => {engineering.design.optimization}",0.107314148681055,0.93717277486911,1.54010264875042
"{design.under.uncertainty,engineering.design.optimization,large.scale.engineering.system.design} => {product.development}",0.107314148681055,0.655677655677656,1.11032520778714
"{engineering.design.optimization,large.scale.engineering.system.design,product.development} => {design.under.uncertainty}",0.107314148681055,0.733606557377049,2.25350964586541
"{design.under.uncertainty,engineering.design.optimization,product.development} => {large.scale.engineering.system.design}",0.107314148681055,0.693798449612403,2.75537098560354
"{design.under.uncertainty,large.scale.engineering.system.design,product.development} => {design.method}",0.113309352517986,0.989528795811518,1.29963309560127
"{design.under.uncertainty,large.scale.engineering.system.design,design.method} => {product.development}",0.113309352517986,0.7,1.1853807106599
"{large.scale.engineering.system.design,design.method,product.development} => {design.under.uncertainty}",0.113309352517986,0.726923076923077,2.23297917552061
"{design.under.uncertainty,design.method,product.development} => {large.scale.engineering.system.design}",0.113309352517986,0.603833865814696,2.39808306709265
"{design.under.uncertainty,design.appropriate.modeling,large.scale.engineering.system.design} => {engineering.design.optimization}",0.130095923261391,0.939393939393939,1.54375279892521
"{design.under.uncertainty,engineering.design.optimization,large.scale.engineering.system.design} => {design.appropriate.modeling}",0.130095923261391,0.794871794871795,1.3446715556249
"{design.appropriate.modeling,engineering.design.optimization,large.scale.engineering.system.design} => {design.under.uncertainty}",0.130095923261391,0.725752508361204,2.22938339584989
"{design.under.uncertainty,design.appropriate.modeling,engineering.design.optimization} => {large.scale.engineering.system.design}",0.130095923261391,0.630813953488372,2.50523255813953
"{design.under.uncertainty,design.appropriate.modeling,large.scale.engineering.system.design} => {design.method}",0.127098321342926,0.917748917748918,1.20535842110645
"{design.under.uncertainty,large.scale.engineering.system.design,design.method} => {design.appropriate.modeling}",0.127098321342926,0.785185185185185,1.32828487716926
"{design.appropriate.modeling,large.scale.engineering.system.design,design.method} => {design.under.uncertainty}",0.127098321342926,0.73356401384083,2.25337895964366
"{design.under.uncertainty,design.appropriate.modeling,design.method} => {large.scale.engineering.system.design}",0.127098321342926,0.605714285714286,2.40555102040816
"{design.under.uncertainty,engineering.design.optimization,large.scale.engineering.system.design} => {design.method}",0.148681055155875,0.908424908424908,1.19311239941161
"{design.under.uncertainty,large.scale.engineering.system.design,design.method} => {engineering.design.optimization}",0.148681055155875,0.918518518518519,1.50944718117132
"{engineering.design.optimization,large.scale.engineering.system.design,design.method} => {design.under.uncertainty}",0.148681055155875,0.746987951807229,2.29461492378353
"{design.under.uncertainty,engineering.design.optimization,design.method} => {large.scale.engineering.system.design}",0.148681055155875,0.652631578947368,2.59187969924812
"{design.appropriate.modeling,large.scale.engineering.system.design,product.development} => {engineering.design.optimization}",0.119304556354916,0.938679245283019,1.54257830653406
"{engineering.design.optimization,large.scale.engineering.system.design,product.development} => {design.appropriate.modeling}",0.119304556354916,0.815573770491803,1.37969274764739
"{design.appropriate.modeling,engineering.design.optimization,large.scale.engineering.system.design} => {product.development}",0.119304556354916,0.665551839464883,1.12704616063698
"{design.appropriate.modeling,large.scale.engineering.system.design,product.development} => {design.method}",0.12410071942446,0.976415094339623,1.28240974595157
"{large.scale.engineering.system.design,design.method,product.development} => {design.appropriate.modeling}",0.12410071942446,0.796153846153846,1.34684038071462
"{design.appropriate.modeling,large.scale.engineering.system.design,design.method} => {product.development}",0.12410071942446,0.716262975778547,1.21292045035392
"{engineering.design.optimization,large.scale.engineering.system.design,product.development} => {design.method}",0.145083932853717,0.991803278688525,1.30262036917516
"{large.scale.engineering.system.design,design.method,product.development} => {engineering.design.optimization}",0.145083932853717,0.930769230769231,1.52957938613111
"{engineering.design.optimization,large.scale.engineering.system.design,design.method} => {product.development}",0.145083932853717,0.728915662650602,1.23434652314843
"{design.appropriate.modeling,engineering.design.optimization,large.scale.engineering.system.design} => {design.method}",0.163069544364508,0.909698996655518,1.19478576883575
"{design.appropriate.modeling,large.scale.engineering.system.design,design.method} => {engineering.design.optimization}",0.163069544364508,0.941176470588235,1.54668212112431
"{engineering.design.optimization,large.scale.engineering.system.design,design.method} => {design.appropriate.modeling}",0.163069544364508,0.819277108433735,1.38595762359784
"{design.under.uncertainty,design.appropriate.modeling,product.development} => {engineering.design.optimization}",0.12589928057554,0.886075949367089,1.4561326931471
"{design.under.uncertainty,engineering.design.optimization,product.development} => {design.appropriate.modeling}",0.12589928057554,0.813953488372093,1.37695174300675
"{design.under.uncertainty,design.appropriate.modeling,engineering.design.optimization} => {product.development}",0.12589928057554,0.61046511627907,1.03376224766852
"{design.under.uncertainty,design.appropriate.modeling,product.development} => {design.method}",0.140887290167866,0.991561181434599,1.30230240207316
"{design.under.uncertainty,design.method,product.development} => {design.appropriate.modeling}",0.140887290167866,0.750798722044728,1.27011386244483
"{design.under.uncertainty,design.appropriate.modeling,design.method} => {product.development}",0.140887290167866,0.671428571428571,1.13699782451051
"{design.under.uncertainty,engineering.design.optimization,product.development} => {design.method}",0.154076738609113,0.996124031007752,1.30829518403223
"{design.under.uncertainty,design.method,product.development} => {engineering.design.optimization}",0.154076738609113,0.821086261980831,1.3493319063882
"{design.under.uncertainty,engineering.design.optimization,design.method} => {product.development}",0.154076738609113,0.676315789473684,1.14527384450975
"{design.under.uncertainty,design.appropriate.modeling,engineering.design.optimization} => {design.method}",0.185851318944844,0.901162790697674,1.18357443691632
"{design.under.uncertainty,design.appropriate.modeling,design.method} => {engineering.design.optimization}",0.185851318944844,0.885714285714286,1.45553835327234
"{design.under.uncertainty,engineering.design.optimization,design.method} => {design.appropriate.modeling}",0.185851318944844,0.815789473684211,1.38005764919398
"{design.appropriate.modeling,engineering.design.optimization,product.development} => {design.method}",0.302757793764988,0.982490272373541,1.29038879867643
"{design.appropriate.modeling,design.method,product.development} => {engineering.design.optimization}",0.302757793764988,0.811897106109325,1.3342309093501
"{engineering.design.optimization,design.method,product.development} => {design.appropriate.modeling}",0.302757793764988,0.819805194805195,1.38685097863597
"{design.appropriate.modeling,engineering.design.optimization,design.method} => {product.development}",0.302757793764988,0.722460658082976,1.22341561186031
